{
  "Byte": 123,
  "SByte": -123,
  "Int16": -12345,
  "UInt16": 12345,
  "Int32": -123456789,
  "UInt32": 123456789,
  "Int64": -123456789123456789,
  "UInt64": 123456789123456789,
  "Single": 12.3456789e20,
  "Double": 12.3456789e200,
  "Decimal": 123456789123456789.123456789,
  "Guid": "E8E25451-EB0A-499F-8BBD-58309F923A53"
}